Workbook

Sheet Dietary Needs
B4: Dietary Needs Depending on the Species and the Physiological Stage
B6: Nutrients | C6: Proteins | D6: Lipids | E6: Cellulose | F6: Calcium | G6: Phosphorous | H6: Lysine | I6: Méthionine | J6: Energie (Kcal)
B7: Category
B8: Day-old Chicks | C8: 19-20 | D8: 3.5 | E8: 5 | F8: 1 | G8: 0.45 | H8: 0.85 | I8: 0.34 | J8: 2 600-2 700
B9: Pullets | C9: 14-15 | D9: 3.5 | E9: 7.5 | F9: 0.9 | G9: 0.35 | H9: 0.62 | I9: 0.26 | J9: 2300
B10: Layers | C10: 16,5-17 | D10: 3.5 | E10: 6.5 | F10: 3.45 | G10: 0.45 | H10: 0.72 | I10: 0.3 | J10: 2500
B11: Broiler Starter | C11: 21-23 | D11: 3.5 | E11: 5 | F11: 1 | G11: 0.45 | H11: 0.9 | I11: 0.34 | J11: 2 800-3 000
B12: Broiler Finisher | C12: 18-20 | D12: 3.5 | E12: 5 | F12: 1 | G12: 0.45 | H12: 0.85 | I12: 0.35 | J12: 2 700-2 800
B13: Layers Reproduction | C13: 17 | D13: 3.5 | E13: 5.5 | F13: 3.5 | G13: 0.45 | H13: 0.75 | I13: 0.32 | J13: 2650
B14: Broiler Reproduction | C14: 16-18 | D14: 3.5 | E14: 5 | F14: 3 | G14: 0.45 | H14: 0.75 | I14: 0.3 | J14: 2 600-2 800
B15: Turkeys Starter | C15: 28-30 | D15: 3.5 | E15: 3.5 | F15: 1.4 | G15: 0.7 | H15: 1.4 | I15: 0.45 | J15: 3000
B16: Turkeys Growers | C16: 20 | D16: 3.5 | E16: 3.5 | F16: 1.2 | G16: 0.6 | H16: 1.2 | I16: 0.4 | J16: 2800
B17: Turkeys Finisher | C17: 16 | D17: 3.5 | E17: 4 | F17: 1.2 | G17: 0.45 | H17: 0.65 | I17: 0.4 | J17: 2800
B18: Turkeys Reprod | C18: 13-16 | D18: 4 | F18: 3.2 | G18: 0.6 | H18: 0.6 | I18: 0.48 | J18: 2 500-2 800
B19: Cockerels Finisher | C19: 14.5 | D19: 4 | E19: 9.5 | F19: 1 | G19: 0.4 | H19: 0.6 | I19: 0.25 | J19: 2600
B20: Guinea Fowl Starter | C20: 24 | F20: 1.03 | G20: 0.65 | H20: 1.3 | I20: 0.95 | J20: 3000
B21: Guinea Fowl Grower | C21: 17-20 | F21: 0.93 | G21: 0.61 | H21: 0.95 | I21: 0.83 | J21: 2800
B22: Guinea Fowl Finisher | C22: 13,5-15 | F22: 1.2 | G22: 0.45 | H22: 0.95 | I22: 0.83 | J22: 2800
B23: Guinea Fowl Reprod | C23: 15 | F23: 3.7 | G23: 0.67 | H23: 0.77 | I23: 0.54 | J23: 2600
B24: Ducklings Starter | C24: 18 | F24: 0.55 | G24: 0.63 | H24: 0.9 | I24: 0.75 | J24: 2800
B25: Ducklings Growers | C25: 13-14 | F25: 0.69 | G25: 0.5 | H25: 0.68 | I25: 0.58 | J25: 2800
B26: Ducks finisher | C26: 13-14 | F26: 0.69 | G26: 0.5 | H26: 0.68 | I26: 0.58 | J26: 2800
B27: Ducks Reprod | C27: 13 | F27: 3.1 | G27: 0.62 | H27: 0.66 | I27: 0.6 | J27: 2 500-2 800
B28: Geese Starter | C28: 17 | F28: 0.8 | G28: 0.7 | H28: 0.95 | I28: 0.85 | J28: 2800
B29: Geese Grower | C29: 12 | F29: 0.75 | G29: 0.62 | H29: 0.56 | I29: 0.56 | J29: 2700
B30: Geese Reproduction | C30: 15 | F30: 3 | G30: 0.6 | H30: 0.66 | I30: 47 | J30: 2500
B31: Quail Starter | C31: 27 | F31: 0.9 | G31: 0.7 | H31: 1.39 | I31: 0.91 | J31: 3000
B32: Quail Finisher | C32: 21 | F32: 0.9 | G32: 0.65 | H32: 1.29 | I32: 0.8 | J32: 2800
B33: Quail Reprod | C33: 19.5 | F33: 3.2 | G33: 0.65 | H33: 1.1 | I33: 0.78 | J33: 2 600-2 800
B34: Pigglets weaned | C34: 18 | D34: 3.5 | E34: 6 | F34: 0.8 | G34: 0.6 | H34: 0.8 | I34: 0.24 | J34: 2500
B35: Pigglets Growers | C35: 14 | D35: 3 | E35: 7 | F35: 0.7 | G35: 0.5 | H35: 0.6 | I35: 0.22 | J35: 2500
B36: Sows and Boars | C36: 15 | D36: 3.5 | E36: 7 | F36: 0.8 | G36: 0.6 | H36: 0.6 | I36: 22 | J36: 2500
B37: Mixed Rabbits | C37: 17 | D37: 3.5 | E37: 9.5 | F37: 1.2 | G37: 0.6 | H37: 0.75 | I37: 0.3 | J37: 2500
B38: Fish External | C38: 25 | D38: 9 | E38: 10 | F38: 0.25 | G38: 0.5 | J38: 2300
B39: Pond/Tanks Fish | C39: 33 | D39: 7 | E39: 5 | F39: 1.5 | G39: 0.3 | J39: 2500

Sheet Ingredient Level
B2: Feed Ingredients Level
C4: Day old Chicks/ Starter | D4: Pullets / Growers | E4: Layers | F4: Breeders
B5: Maize | C5: 10 to 60 | D5: 30 to 48 | E5: 30 to 50 | F5: 20 to 50
B6: Sorghum | C6: 0 to 40 | D6: 0 to 25 | E6: 0 to 50 | F6: 0 to 50
B7: Wheat bran | C7: 0 to 10 | D7: 0 to 30 | E7: 0 to 20 | F7: 0 to 30
B8: Maize bran | C8: 10 to 30 | D8: 10 to 40 | E8: 10 to 40 | F8: 10 to 40
B9: Sorghum bran | C9: 0 to 10 | D9: 0 to 10 | E9: 0 to 20 | F9: 0 to 20
B10: Low rice flour | D10: 0 to 30 | E10: 0 to 30 | F10: 0 to 30
B11: Wheat flour | C11: 0 to 50 | D11: 0 to 40 | E11: 0 to 50 | F11: 0 to 50
B12: Maize germ | C12: 0 to 10 | D12: 0 to 10 | E12: 0 to 10 | F12: 0 to 10
B13: Brewers Spent Grain | C13: 0 to 5 | D13: 0 to 10 | E13: 0 to 5 | F13: 2 to 5
B14: Cassava | C14: 0 to 5 | D14: 0 to 10 | E14: 0 to 15 | F14: 0 to 15
B15: Soybean meal | C15: 0 to 30 | D15: 0 to 30 | E15: 0 to 20 | F15: 0 to 20
B16: Cotton seed meal | C16: 0 to 10 | D16: 0 to 10 | E16: 0 to 10 | F16: 0 to 10
B17: Groundnut cake | C17: 0 to 10 | D17: 0 to 10 | E17: 0 to 10 | F17: 0 to 10
B18: Palm Kernel cake | C18: 0 to 10 | D18: 0 to 15 | E18: 0 to 15 | F18: 0 to 15
B19: Sunflower meal
B20: Soya flour | C20: 0 to 40 | D20: 0 to 25 | E20: 0 to 40 | F20: 0 to 40
B21: Fishmeal | C21: 5 to 10 | D21: 5 to 10 | E21: 5 to 10 | F21: 0 to 10
B22: Blood meal | C22: 0 to 4 | D22: 0 to 4 | E22: 0 to 4 | F22: 0 to 4
B23: Yeast
B24: Oyster shell | C24: 2 to 5 | D24: 2 to 5 | E24: 5 to 10 | F24: 5 to 10
B25: Bone powder | C25: 0 to 5 | D25: 0 to 10 | E25: 0 to 5 | F25: 0 to 5
B26: Salt | C26: 0 to 0,5 | D26: 0 to 0,5 | E26: 0 to 0,5 | F26: 0 to 0,5
B27: Iron Sulphate
B28: Méthionine
B29: Lysine
B30: Broiler Concentrate | C30: 0 to 5 | D30: 0 to 5
B31: Pullet Concentrate | E31: 0 to 5 | F31: 0 to 5
B32: Phosphate bicalcique
B33: Premix Layers
B34: Premix pigglets | C34: 0 to 5 | D34: 0 to 5

Sheet Nutritional Intake
B4: Specifications and Nutritional Intake of the Main Raw Materials
B5: Name of Raw Materials | C5: Energy | D5: Protein | E5: Dry Matter | F5: Calcium | G5: Phosphore | H5: Méthionine | I5: Lysine | J5: Unit Price
C6: Kcal / kg | D6: % | E6: % | F6: % | G6: % | H6: % | I6: % | J6: N / kg
B7: Maize | C7: 3400 | D7: 9 | E7: 88 | F7: 0.01 | G7: 0.27 | H7: 0.18 | I7: 0.25 | J7: 230
B8: Sorghum | C8: 2810 | D8: 10 | E8: 89.9 | F8: 0.04 | G8: 0.34 | H8: 0.16 | I8: 0.23
B9: Wheat bran | C9: 1810 | D9: 16 | E9: 88 | F9: 0.1 | G9: 0.3 | H9: 0.25 | I9: 0.9 | J9: 160
B10: Maize bran | C10: 2500 | D10: 11 | E10: 95 | F10: 0.01 | G10: 0.06 | H10: 0.18 | I10: 0.25 | J10: 0
B11: Sorghum bran | C11: 2600 | D11: 12 | E11: 100 | F11: 0.01 | G11: 0.09 | H11: 0.18 | I11: 0.25 | J11: 0
B12: Low rice flour | C12: 2900 | D12: 12 | E12: 88 | F12: 0.1 | G12: 10 | H12: 0.24 | I12: 0.5 | J12: 0
B13: Wheat flour | C13: 3400 | D13: 9.25 | E13: 88 | F13: 0.01 | G13: 0.27 | H13: 0.34 | I13: 0.25 | J13: 0
B14: Maize chaff | C14: 3122 | D14: 22 | E14: 90 | F14: 0.3 | G14: 0.5 | J14: 0
B15: Brewers Spent Grain | C15: 1980 | D15: 18 | E15: 90 | F15: 0.53 | G15: 0.56 | H15: 0.4 | I15: 0.9 | J15: 0
B16: Non defatted soybean meal | C16: 3100 | D16: 42 | E16: 90 | F16: 0.2 | G16: 0.5 | H16: 0.65 | I16: 2.8 | J16: 120
B17: Defatted Soybean meal | C17: 2560 | D17: 46 | E17: 90 | F17: 0.28 | G17: 0.75 | I17: 3.05 | J17: 330
B18: Cotton Seed meal | C18: 2146 | D18: 41 | E18: 91 | F18: 0.25 | G18: 1.28 | H18: 0.4 | I18: 1.15 | J18: 0
B19: Groundnut cake | C19: 2640 | D19: 45 | E19: 92 | F19: 0.2 | G19: 0.2 | H19: 0.48 | I19: 0.25 | J19: 125
B20: Palmkernel Cake | C20: 2178 | D20: 15.4 | E20: 88 | F20: 0.2 | G20: 0.16 | H20: 0.39 | I20: 0.64 | J20: 30
B21: Sunflower meal | C21: 1914 | D21: 37 | E21: 89 | F21: 0.5 | G21: 0.3 | H21: 1.3 | I21: 1.6 | J21: 0
B22: Soy flour | C22: 2420 | D22: 36.6 | E22: 88 | F22: 0.2 | G22: 0.33 | H22: 0.59 | I22: 2.8 | J22: 120
B23: Fishmeal | C23: 3000 | D23: 65 | E23: 92 | F23: 2.2 | G23: 1.8 | H23: 1.8 | I23: 4.5 | J23: 560
B24: Bloodmeal | C24: 3344 | D24: 88.4 | E24: 87.3 | F24: 0.25 | G24: 0.21 | H24: 28.8 | I24: 63 | J24: 0
B25: Yeast | C25: 2420 | D25: 30 | E25: 93 | F25: 0.1 | G25: 0.46 | H25: 0.7 | I25: 3.4 | J25: 0
B26: Oyster Shell | E26: 99.5 | F26: 35 | G26: 0.05 | J26: 30
B27: Bone powder | E27: 99 | F27: 37 | G27: 15 | J27: 60
B28: Salt | J28: 55
B29: Iron Sulphate | J29: 0
B30: Méthionine | H30: 100 | J30: 1560
B31: Lysine | I31: 94 | J31: 500
B32: Broiler Concentrate 5% | C32: 2760 | D32: 21 | F32: 15 | G32: 6 | H32: 5 | I32: 5.5 | J32: 990
B33: Pullet Concentrate | C33: 2100 | D33: 42 | G33: 3.3 | J33: 596
B34: DCP | J34: 0
B35: Premix pullets | J35: 480
B36: Pork Concentrate | C36: 2650 | D36: 40 | E36: 95 | F36: 3.75 | G36: 0.8 | H36: 0.7 | I36: 3.45 | J36: 500
B37: Premix broiler starter | J37: 480
B38: Premix growers | J38: 480

Sheet Broiler Starter
D2: FEED FORMULATION CALCULATOR
D4: Rate Incor. | E4: ME | F4: CP | G4: Dry matter | H4: Calcium | I4: Phosph. | J4: Méthionine | K4: Lysine | L4: Unit Price
C5: Ingredients | D5: % | E5: Kcal / kg | F5: % | G5: % | H5: % | I5: % | J5: % | K5: % | L5: F / kg
D6: =SUM(D8:D41) -> 100 | E6: =E7/D6 -> 2957 | F6: =F7/D6 -> 21.4 | G6: =G7/D6 -> 0 | H6: =H7/D6 -> 0.8495 | I6: =I7/D6 -> 0.7035 | J6: =J7/D6 -> 0.374 | K6: =K7/D6 -> 1.4175 | L6: =L7/D6 -> 291 | M6: =L6*25 -> 7275
E7: =SUM(E8:E41) -> 295700 | F7: =SUM(F8:F41) -> 2140 | G7: =SUM(G8:G41) -> 0 | H7: =SUM(H8:H41) -> 84.95 | I7: =SUM(I8:I41) -> 70.35 | J7: =SUM(J8:J41) -> 37.4 | K7: =SUM(K8:K41) -> 141.75 | L7: =SUM(L8:L41) -> 29100
C8: Maize | D8: 55 | E8: =D8*'Nutritional Intake'!C7 -> 187000 | F8: =D8*'Nutritional Intake'!D7 -> 495 | H8: =D8*'Nutritional Intake'!F7 -> 0.55 | I8: =D8*'Nutritional Intake'!G7 -> 14.85 | J8: =D8*'Nutritional Intake'!H7 -> 9.9 | K8: =D8*'Nutritional Intake'!I7 -> 13.75 | L8: =D8*'Nutritional Intake'!J7 -> 12650
C9: Sorghum | F9: 0 | H9: =D9*'Nutritional Intake'!F8 -> 0 | I9: =D9*'Nutritional Intake'!G8 -> 0 | J9: =D9*'Nutritional Intake'!H8 -> 0 | K9: =D9*'Nutritional Intake'!I8 -> 0 | L9: =D9*'Nutritional Intake'!J8 -> 0
C10: Wheat bran | D10: 10 | E10: =D10*'Nutritional Intake'!C9 -> 18100 | F10: =D10*'Nutritional Intake'!D9 -> 160 | H10: =D10*'Nutritional Intake'!F9 -> 1 | I10: =D10*'Nutritional Intake'!G9 -> 3 | J10: =D10*'Nutritional Intake'!H9 -> 2.5 | K10: =D10*'Nutritional Intake'!I9 -> 9 | L10: =D10*'Nutritional Intake'!J9 -> 1600
C11: Maize bran | E11: =D11*'Nutritional Intake'!C10 -> 0 | F11: =D11*'Nutritional Intake'!D10 -> 0 | H11: =D11*'Nutritional Intake'!F10 -> 0 | I11: =D11*'Nutritional Intake'!G10 -> 0 | J11: =D11*'Nutritional Intake'!H10 -> 0 | K11: =D11*'Nutritional Intake'!I10 -> 0 | L11: =D11*'Nutritional Intake'!J10 -> 0
C12: Sorghum bran | E12: =D12*'Nutritional Intake'!C11 -> 0 | F12: =D12*'Nutritional Intake'!D11 -> 0 | H12: =D12*'Nutritional Intake'!F11 -> 0 | I12: =D12*'Nutritional Intake'!G11 -> 0 | J12: =D12*'Nutritional Intake'!H11 -> 0 | K12: =D12*'Nutritional Intake'!I11 -> 0 | L12: =D12*'Nutritional Intake'!J11 -> 0
C13: low rice flour | E13: =D13*'Nutritional Intake'!C12 -> 0 | F13: =D13*'Nutritional Intake'!D12 -> 0 | H13: =D13*'Nutritional Intake'!F12 -> 0 | I13: =D13*'Nutritional Intake'!G12 -> 0 | J13: =D13*'Nutritional Intake'!H12 -> 0 | K13: =D13*'Nutritional Intake'!I12 -> 0 | L13: =D13*'Nutritional Intake'!J12 -> 0
C14: Wheat flour | E14: =D14*'Nutritional Intake'!C13 -> 0 | F14: =D14*'Nutritional Intake'!D13 -> 0 | H14: =D14*'Nutritional Intake'!F13 -> 0 | I14: =D14*'Nutritional Intake'!G13 -> 0 | J14: =D14*'Nutritional Intake'!H13 -> 0 | K14: =D14*'Nutritional Intake'!I13 -> 0 | L14: =D14*'Nutritional Intake'!J13 -> 0
C15: Corn germ | E15: =D15*'Nutritional Intake'!C14 -> 0 | F15: =D15*'Nutritional Intake'!D14 -> 0 | H15: =D15*'Nutritional Intake'!F14 -> 0 | I15: =D15*'Nutritional Intake'!G14 -> 0 | J15: =D15*'Nutritional Intake'!H14 -> 0 | K15: =D15*'Nutritional Intake'!I14 -> 0 | L15: =D15*'Nutritional Intake'!J14 -> 0
C16: Brewers Spent Grains | E16: =D16*'Nutritional Intake'!C15 -> 0 | F16: =D16*'Nutritional Intake'!D15 -> 0 | H16: =D16*'Nutritional Intake'!F15 -> 0 | I16: =D16*'Nutritional Intake'!G15 -> 0 | J16: =D16*'Nutritional Intake'!H15 -> 0 | K16: =D16*'Nutritional Intake'!I15 -> 0 | L16: =D16*'Nutritional Intake'!J15 -> 0
C17: Full-fat Soya | E17: =D17*'Nutritional Intake'!C16 -> 0 | F17: =D17*'Nutritional Intake'!D16 -> 0 | H17: =D17*'Nutritional Intake'!F16 -> 0 | I17: =D17*'Nutritional Intake'!G16 -> 0 | J17: =D17*'Nutritional Intake'!H16 -> 0 | K17: =D17*'Nutritional Intake'!I16 -> 0 | L17: =D17*'Nutritional Intake'!J16 -> 0
C18: Defatted Soybean meal | D18: 30 | E18: =D18*'Nutritional Intake'!C17 -> 76800 | F18: =D18*'Nutritional Intake'!D17 -> 1380 | H18: =D18*'Nutritional Intake'!F17 -> 8.4 | I18: =D18*'Nutritional Intake'!G17 -> 22.5 | J18: =D18*'Nutritional Intake'!H17 -> 0 | K18: =D18*'Nutritional Intake'!I17 -> 91.5 | L18: =D18*'Nutritional Intake'!J17 -> 9900
C19: Cottonseed meal | E19: =D19*'Nutritional Intake'!C18 -> 0 | F19: =D19*'Nutritional Intake'!D18 -> 0 | H19: =D19*'Nutritional Intake'!F18 -> 0 | I19: =D19*'Nutritional Intake'!G18 -> 0 | J19: =D19*'Nutritional Intake'!H18 -> 0 | K19: =D19*'Nutritional Intake'!I18 -> 0 | L19: =D19*'Nutritional Intake'!J18 -> 0
C20: Groundnut Cake | E20: =D20*'Nutritional Intake'!C19 -> 0 | F20: =D20*'Nutritional Intake'!D19 -> 0 | H20: =D20*'Nutritional Intake'!F19 -> 0 | I20: =D20*'Nutritional Intake'!G19 -> 0 | J20: =D20*'Nutritional Intake'!H19 -> 0 | K20: =D20*'Nutritional Intake'!I19 -> 0 | L20: =D20*'Nutritional Intake'!J19 -> 0
C21: Palm kernel cake | E21: =D21*'Nutritional Intake'!C20 -> 0 | F21: =D21*'Nutritional Intake'!D20 -> 0 | H21: =D21*'Nutritional Intake'!F20 -> 0 | I21: =D21*'Nutritional Intake'!G20 -> 0 | J21: =D21*'Nutritional Intake'!H20 -> 0 | K21: =D21*'Nutritional Intake'!I20 -> 0 | L21: =D21*'Nutritional Intake'!J20 -> 0
C22: Sunflower meal | E22: =D22*'Nutritional Intake'!C21 -> 0 | F22: =D22*'Nutritional Intake'!D21 -> 0 | H22: =D22*'Nutritional Intake'!F21 -> 0 | I22: =D22*'Nutritional Intake'!G21 -> 0 | J22: =D22*'Nutritional Intake'!H21 -> 0 | K22: =D22*'Nutritional Intake'!I21 -> 0 | L22: =D22*'Nutritional Intake'!J21 -> 0
C23: Soy flour | E23: =D23*'Nutritional Intake'!C22 -> 0 | F23: =D23*'Nutritional Intake'!D22 -> 0 | H23: =D23*'Nutritional Intake'!F22 -> 0 | I23: =D23*'Nutritional Intake'!G22 -> 0 | J23: =D23*'Nutritional Intake'!H22 -> 0 | K23: =D23*'Nutritional Intake'!I22 -> 0 | L23: =D23*'Nutritional Intake'!J22 -> 0
C24: Fishmeal | E24: =D24*'Nutritional Intake'!C23 -> 0 | F24: =D24*'Nutritional Intake'!D23 -> 0 | H24: =D24*'Nutritional Intake'!F23 -> 0 | I24: =D24*'Nutritional Intake'!G23 -> 0 | J24: =D24*'Nutritional Intake'!H23 -> 0 | K24: =D24*'Nutritional Intake'!I23 -> 0 | L24: =D24*'Nutritional Intake'!J23 -> 0
C25: Blood meal | E25: =D25*'Nutritional Intake'!C24 -> 0 | F25: =D25*'Nutritional Intake'!D24 -> 0 | H25: =D25*'Nutritional Intake'!F24 -> 0 | I25: =D25*'Nutritional Intake'!G24 -> 0 | J25: =D25*'Nutritional Intake'!H24 -> 0 | K25: =D25*'Nutritional Intake'!I24 -> 0 | L25: =D25*'Nutritional Intake'!J24 -> 0
C26: Yeast | E26: =D26*'Nutritional Intake'!C25 -> 0 | F26: =D26*'Nutritional Intake'!D25 -> 0 | H26: =D26*'Nutritional Intake'!F25 -> 0 | I26: =D26*'Nutritional Intake'!G25 -> 0 | J26: =D26*'Nutritional Intake'!H25 -> 0 | K26: =D26*'Nutritional Intake'!I25 -> 0 | L26: =D26*'Nutritional Intake'!J25 -> 0
C27: Limestone | E27: =D27*'Nutritional Intake'!C26 -> 0 | F27: =D27*'Nutritional Intake'!D26 -> 0 | H27: =D27*'Nutritional Intake'!F26 -> 0 | I27: =D27*'Nutritional Intake'!G26 -> 0 | J27: =D27*'Nutritional Intake'!H26 -> 0 | K27: =D27*'Nutritional Intake'!I26 -> 0 | L27: =D27*'Nutritional Intake'!J26 -> 0
C28: Bone powder | E28: =D28*'Nutritional Intake'!C27 -> 0 | F28: =D28*'Nutritional Intake'!D27 -> 0 | H28: =D28*'Nutritional Intake'!F27 -> 0 | I28: =D28*'Nutritional Intake'!G27 -> 0 | J28: =D28*'Nutritional Intake'!H27 -> 0 | K28: =D28*'Nutritional Intake'!I27 -> 0 | L28: =D28*'Nutritional Intake'!J27 -> 0
C29: Salt | E29: =D29*'Nutritional Intake'!C28 -> 0 | F29: =D29*'Nutritional Intake'!D28 -> 0 | H29: =D29*'Nutritional Intake'!F28 -> 0 | I29: =D29*'Nutritional Intake'!G28 -> 0 | J29: =D29*'Nutritional Intake'!H28 -> 0 | K29: =D29*'Nutritional Intake'!I28 -> 0 | L29: =D29*'Nutritional Intake'!J28 -> 0
C30: Iron sulphate | E30: =D30*'Nutritional Intake'!C29 -> 0 | F30: =D30*'Nutritional Intake'!D29 -> 0 | H30: =D30*'Nutritional Intake'!F29 -> 0 | I30: =D30*'Nutritional Intake'!G29 -> 0 | J30: =D30*'Nutritional Intake'!H29 -> 0 | K30: =D30*'Nutritional Intake'!I29 -> 0 | L30: =D30*'Nutritional Intake'!J29 -> 0
... C32: Lysine | E32: =D32*'Nutritional Intake'!C31 -> 0 | F32: =D32*'Nutritional Intake'!D31 -> 0 | H32: =D32*'Nutritional Intake'!F31 -> 0 | I32: =D32*'Nutritional Intake'!G31 -> 0 | J32: =D32*'Nutritional Intake'!H31 -> 0 | K32: =D32*'Nutritional Intake'!I31 -> 0 | L32: =D32*'Nutritional Intake'!J31 -> 0
C33: Broilers Concentrate 5% | D33: 5 | E33: =D33*'Nutritional Intake'!C32 -> 13800 | F33: =D33*'Nutritional Intake'!D32 -> 105 | H33: =D33*'Nutritional Intake'!F32 -> 75 | I33: =D33*'Nutritional Intake'!G32 -> 30 | J33: =D33*'Nutritional Intake'!H32 -> 25 | K33: =D33*'Nutritional Intake'!I32 -> 27.5 | L33: =D33*'Nutritional Intake'!J32 -> 4950
C34: Layers Concentrate | E34: =D34*'Nutritional Intake'!C33 -> 0 | F34: =D34*'Nutritional Intake'!D33 -> 0 | H34: =D34*'Nutritional Intake'!F33 -> 0 | I34: =D34*'Nutritional Intake'!G33 -> 0 | J34: =D34*'Nutritional Intake'!H33 -> 0 | K34: =D34*'Nutritional Intake'!I33 -> 0 | L34: =D34*'Nutritional Intake'!J33 -> 0
C35: Calcium hydrogen phosphate | E35: =D35*'Nutritional Intake'!C34 -> 0 | F35: =D35*'Nutritional Intake'!D34 -> 0 | H35: =D35*'Nutritional Intake'!F34 -> 0 | I35: =D35*'Nutritional Intake'!G34 -> 0 | J35: =D35*'Nutritional Intake'!H34 -> 0 | K35: =D35*'Nutritional Intake'!I34 -> 0 | L35: =D35*'Nutritional Intake'!J34 -> 0
C36: Layer premix | E36: =D36*'Nutritional Intake'!C35 -> 0 | F36: =D36*'Nutritional Intake'!D35 -> 0 | H36: =D36*'Nutritional Intake'!F35 -> 0 | I36: =D36*'Nutritional Intake'!G35 -> 0 | J36: =D36*'Nutritional Intake'!H35 -> 0 | K36: =D36*'Nutritional Intake'!I35 -> 0 | L36: =D36*'Nutritional Intake'!J35 -> 0
C37: Premix piglet | E37: =D37*'Nutritional Intake'!C36 -> 0 | F37: =D37*'Nutritional Intake'!D36 -> 0 | H37: =D37*'Nutritional Intake'!F36 -> 0 | I37: =D37*'Nutritional Intake'!G36 -> 0 | J37: =D37*'Nutritional Intake'!H36 -> 0 | K37: =D37*'Nutritional Intake'!I36 -> 0 | L37: =D37*'Nutritional Intake'!J36 -> 0
C38: Vita C | E38: =D38*'Nutritional Intake'!C37 -> 0 | F38: =D38*'Nutritional Intake'!D37 -> 0 | H38: =D38*'Nutritional Intake'!F37 -> 0 | I38: =D38*'Nutritional Intake'!G37 -> 0 | J38: =D38*'Nutritional Intake'!H37 -> 0 | K38: =D38*'Nutritional Intake'!I37 -> 0 | L38: =D38*'Nutritional Intake'!J37 -> 0
C39: ENZYME | E39: =D39*'Nutritional Intake'!C38 -> 0 | F39: =D39*'Nutritional Intake'!D38 -> 0 | H39: =D39*'Nutritional Intake'!F38 -> 0 | I39: =D39*'Nutritional Intake'!G38 -> 0 | J39: =D39*'Nutritional Intake'!H38 -> 0 | K39: =D39*'Nutritional Intake'!I38 -> 0 | L39: =D39*'Nutritional Intake'!J38 -> 0
C40: Toxinbinder | E40: =D40*'Nutritional Intake'!C39 -> 0 | F40: =D40*'Nutritional Intake'!D39 -> 0 | H40: =D40*'Nutritional Intake'!F39 -> 0 | I40: =D40*'Nutritional Intake'!G39 -> 0 | J40: =D40*'Nutritional Intake'!H39 -> 0 | K40: =D40*'Nutritional Intake'!I39 -> 0 | L40: =D40*'Nutritional Intake'!J39 -> 0
C41: Egg booster | E41: =D41*'Nutritional Intake'!C40 -> 0 | F41: =D41*'Nutritional Intake'!D40 -> 0 | H41: =D41*'Nutritional Intake'!F40 -> 0 | I41: =D41*'Nutritional Intake'!G40 -> 0 | J41: =D41*'Nutritional Intake'!H40 -> 0 | K41: =D41*'Nutritional Intake'!I40 -> 0 | L41: =D41*'Nutritional Intake'!J40 -> 0

Sheet Broiler Finisher
D2: FEED FORMULATION CALCULATOR
D4: Rate Incor. | E4: ME | F4: CP | G4: Dry matter | H4: Calcium | I4: Phosph. | J4: Méthionine | K4: Lysine | L4: Unit Price
C5: Ingredients | D5: % | E5: Kcal / kg | F5: % | G5: % | H5: % | I5: % | J5: % | K5: % | L5: F / kg
D6: =SUM(D8:D41) -> 100 | E6: =E7/D6 -> 2834.3 | F6: =F7/D6 -> 18.61 | G6: =G7/D6 -> 0 | H6: =H7/D6 -> 0.8342 | I6: =I7/D6 -> 0.6594 | J6: =J7/D6 -> 0.4011 | K6: =K7/D6 -> 1.222 | L6: =L7/D6 -> 271.9 | M6: =L6*25 -> 6797.5
E7: =SUM(E8:E41) -> 283430 | F7: =SUM(F8:F41) -> 1861 | G7: =SUM(G8:G41) -> 0 | H7: =SUM(H8:H41) -> 83.42 | I7: =SUM(I8:I41) -> 65.94 | J7: =SUM(J8:J41) -> 40.11 | K7: =SUM(K8:K41) -> 122.2 | L7: =SUM(L8:L41) -> 27190
C8: Maize | D8: 52 | E8: =D8*'Nutritional Intake'!C7 -> 176800 | F8: =D8*'Nutritional Intake'!D7 -> 468 | H8: =D8*'Nutritional Intake'!F7 -> 0.52 | I8: =D8*'Nutritional Intake'!G7 -> 14.04 | J8: =D8*'Nutritional Intake'!H7 -> 9.36 | K8: =D8*'Nutritional Intake'!I7 -> 13 | L8: =D8*'Nutritional Intake'!J7 -> 11960
C9: Sorghum | F9: 0 | H9: =D9*'Nutritional Intake'!F8 -> 0 | I9: =D9*'Nutritional Intake'!G8 -> 0 | J9: =D9*'Nutritional Intake'!H8 -> 0 | K9: =D9*'Nutritional Intake'!I8 -> 0 | L9: =D9*'Nutritional Intake'!J8 -> 0
C10: Wheat bran | D10: 23 | E10: =D10*'Nutritional Intake'!C9 -> 41630 | F10: =D10*'Nutritional Intake'!D9 -> 368 | H10: =D10*'Nutritional Intake'!F9 -> 2.3 | I10: =D10*'Nutritional Intake'!G9 -> 6.9 | J10: =D10*'Nutritional Intake'!H9 -> 5.75 | K10: =D10*'Nutritional Intake'!I9 -> 20.7 | L10: =D10*'Nutritional Intake'!J9 -> 3680
C11: Maize bran | E11: =D11*'Nutritional Intake'!C10 -> 0 | F11: =D11*'Nutritional Intake'!D10 -> 0 | H11: =D11*'Nutritional Intake'!F10 -> 0 | I11: =D11*'Nutritional Intake'!G10 -> 0 | J11: =D11*'Nutritional Intake'!H10 -> 0 | K11: =D11*'Nutritional Intake'!I10 -> 0 | L11: =D11*'Nutritional Intake'!J10 -> 0
C12: Sorghum bran | E12: =D12*'Nutritional Intake'!C11 -> 0 | F12: =D12*'Nutritional Intake'!D11 -> 0 | H12: =D12*'Nutritional Intake'!F11 -> 0 | I12: =D12*'Nutritional Intake'!G11 -> 0 | J12: =D12*'Nutritional Intake'!H11 -> 0 | K12: =D12*'Nutritional Intake'!I11 -> 0 | L12: =D12*'Nutritional Intake'!J11 -> 0
C13: low rice flour | E13: =D13*'Nutritional Intake'!C12 -> 0 | F13: =D13*'Nutritional Intake'!D12 -> 0 | H13: =D13*'Nutritional Intake'!F12 -> 0 | I13: =D13*'Nutritional Intake'!G12 -> 0 | J13: =D13*'Nutritional Intake'!H12 -> 0 | K13: =D13*'Nutritional Intake'!I12 -> 0 | L13: =D13*'Nutritional Intake'!J12 -> 0
C14: Wheat flour | E14: =D14*'Nutritional Intake'!C13 -> 0 | F14: =D14*'Nutritional Intake'!D13 -> 0 | H14: =D14*'Nutritional Intake'!F13 -> 0 | I14: =D14*'Nutritional Intake'!G13 -> 0 | J14: =D14*'Nutritional Intake'!H13 -> 0 | K14: =D14*'Nutritional Intake'!I13 -> 0 | L14: =D14*'Nutritional Intake'!J13 -> 0
C15: Corn germ | E15: =D15*'Nutritional Intake'!C14 -> 0 | F15: =D15*'Nutritional Intake'!D14 -> 0 | H15: =D15*'Nutritional Intake'!F14 -> 0 | I15: =D15*'Nutritional Intake'!G14 -> 0 | J15: =D15*'Nutritional Intake'!H14 -> 0 | K15: =D15*'Nutritional Intake'!I14 -> 0 | L15: =D15*'Nutritional Intake'!J14 -> 0
C16: Brewers Spent Grains | E16: =D16*'Nutritional Intake'!C15 -> 0 | F16: =D16*'Nutritional Intake'!D15 -> 0 | H16: =D16*'Nutritional Intake'!F15 -> 0 | I16: =D16*'Nutritional Intake'!G15 -> 0 | J16: =D16*'Nutritional Intake'!H15 -> 0 | K16: =D16*'Nutritional Intake'!I15 -> 0 | L16: =D16*'Nutritional Intake'!J15 -> 0
C17: Full-fat Soya | E17: =D17*'Nutritional Intake'!C16 -> 0 | F17: =D17*'Nutritional Intake'!D16 -> 0 | H17: =D17*'Nutritional Intake'!F16 -> 0 | I17: =D17*'Nutritional Intake'!G16 -> 0 | J17: =D17*'Nutritional Intake'!H16 -> 0 | K17: =D17*'Nutritional Intake'!I16 -> 0 | L17: =D17*'Nutritional Intake'!J16 -> 0
C18: Defatted Soybean meal | D18: 20 | E18: =D18*'Nutritional Intake'!C17 -> 51200 | F18: =D18*'Nutritional Intake'!D17 -> 920 | H18: =D18*'Nutritional Intake'!F17 -> 5.6 | I18: =D18*'Nutritional Intake'!G17 -> 15 | J18: =D18*'Nutritional Intake'!H17 -> 0 | K18: =D18*'Nutritional Intake'!I17 -> 61 | L18: =D18*'Nutritional Intake'!J17 -> 6600
C19: Cottonseed meal | E19: =D19*'Nutritional Intake'!C18 -> 0 | F19: =D19*'Nutritional Intake'!D18 -> 0 | H19: =D19*'Nutritional Intake'!F18 -> 0 | I19: =D19*'Nutritional Intake'!G18 -> 0 | J19: =D19*'Nutritional Intake'!H18 -> 0 | K19: =D19*'Nutritional Intake'!I18 -> 0 | L19: =D19*'Nutritional Intake'!J18 -> 0
C20: Groundnut Cake | E20: =D20*'Nutritional Intake'!C19 -> 0 | F20: =D20*'Nutritional Intake'!D19 -> 0 | H20: =D20*'Nutritional Intake'!F19 -> 0 | I20: =D20*'Nutritional Intake'!G19 -> 0 | J20: =D20*'Nutritional Intake'!H19 -> 0 | K20: =D20*'Nutritional Intake'!I19 -> 0 | L20: =D20*'Nutritional Intake'!J19 -> 0
C21: Palm kernel cake | E21: =D21*'Nutritional Intake'!C20 -> 0 | F21: =D21*'Nutritional Intake'!D20 -> 0 | H21: =D21*'Nutritional Intake'!F20 -> 0 | I21: =D21*'Nutritional Intake'!G20 -> 0 | J21: =D21*'Nutritional Intake'!H20 -> 0 | K21: =D21*'Nutritional Intake'!I20 -> 0 | L21: =D21*'Nutritional Intake'!J20 -> 0
C22: Sunflower meal | E22: =D22*'Nutritional Intake'!C21 -> 0 | F22: =D22*'Nutritional Intake'!D21 -> 0 | H22: =D22*'Nutritional Intake'!F21 -> 0 | I22: =D22*'Nutritional Intake'!G21 -> 0 | J22: =D22*'Nutritional Intake'!H21 -> 0 | K22: =D22*'Nutritional Intake'!I21 -> 0 | L22: =D22*'Nutritional Intake'!J21 -> 0
C23: Soy flour | E23: =D23*'Nutritional Intake'!C22 -> 0 | F23: =D23*'Nutritional Intake'!D22 -> 0 | H23: =D23*'Nutritional Intake'!F22 -> 0 | I23: =D23*'Nutritional Intake'!G22 -> 0 | J23: =D23*'Nutritional Intake'!H22 -> 0 | K23: =D23*'Nutritional Intake'!I22 -> 0 | L23: =D23*'Nutritional Intake'!J22 -> 0
C24: Fishmeal | E24: =D24*'Nutritional Intake'!C23 -> 0 | F24: =D24*'Nutritional Intake'!D23 -> 0 | H24: =D24*'Nutritional Intake'!F23 -> 0 | I24: =D24*'Nutritional Intake'!G23 -> 0 | J24: =D24*'Nutritional Intake'!H23 -> 0 | K24: =D24*'Nutritional Intake'!I23 -> 0 | L24: =D24*'Nutritional Intake'!J23 -> 0
C25: Blood meal | E25: =D25*'Nutritional Intake'!C24 -> 0 | F25: =D25*'Nutritional Intake'!D24 -> 0 | H25: =D25*'Nutritional Intake'!F24 -> 0 | I25: =D25*'Nutritional Intake'!G24 -> 0 | J25: =D25*'Nutritional Intake'!H24 -> 0 | K25: =D25*'Nutritional Intake'!I24 -> 0 | L25: =D25*'Nutritional Intake'!J24 -> 0
C26: Yeast | E26: =D26*'Nutritional Intake'!C25 -> 0 | F26: =D26*'Nutritional Intake'!D25 -> 0 | H26: =D26*'Nutritional Intake'!F25 -> 0 | I26: =D26*'Nutritional Intake'!G25 -> 0 | J26: =D26*'Nutritional Intake'!H25 -> 0 | K26: =D26*'Nutritional Intake'!I25 -> 0 | L26: =D26*'Nutritional Intake'!J25 -> 0
C27: Limestone | E27: =D27*'Nutritional Intake'!C26 -> 0 | F27: =D27*'Nutritional Intake'!D26 -> 0 | H27: =D27*'Nutritional Intake'!F26 -> 0 | I27: =D27*'Nutritional Intake'!G26 -> 0 | J27: =D27*'Nutritional Intake'!H26 -> 0 | K27: =D27*'Nutritional Intake'!I26 -> 0 | L27: =D27*'Nutritional Intake'!J26 -> 0
C28: Bone powder | E28: =D28*'Nutritional Intake'!C27 -> 0 | F28: =D28*'Nutritional Intake'!D27 -> 0 | H28: =D28*'Nutritional Intake'!F27 -> 0 | I28: =D28*'Nutritional Intake'!G27 -> 0 | J28: =D28*'Nutritional Intake'!H27 -> 0 | K28: =D28*'Nutritional Intake'!I27 -> 0 | L28: =D28*'Nutritional Intake'!J27 -> 0
C29: Salt | E29: =D29*'Nutritional Intake'!C28 -> 0 | F29: =D29*'Nutritional Intake'!D28 -> 0 | H29: =D29*'Nutritional Intake'!F28 -> 0 | I29: =D29*'Nutritional Intake'!G28 -> 0 | J29: =D29*'Nutritional Intake'!H28 -> 0 | K29: =D29*'Nutritional Intake'!I28 -> 0 | L29: =D29*'Nutritional Intake'!J28 -> 0
C30: Iron sulphate | E30: =D30*'Nutritional Intake'!C29 -> 0 | F30: =D30*'Nutritional Intake'!D29 -> 0 | H30: =D30*'Nutritional Intake'!F29 -> 0 | I30: =D30*'Nutritional Intake'!G29 -> 0 | J30: =D30*'Nutritional Intake'!H29 -> 0 | K30: =D30*'Nutritional Intake'!I29 -> 0 | L30: =D30*'Nutritional Intake'!J29 -> 0
... C32: Lysine | E32: =D32*'Nutritional Intake'!C31 -> 0 | F32: =D32*'Nutritional Intake'!D31 -> 0 | H32: =D32*'Nutritional Intake'!F31 -> 0 | I32: =D32*'Nutritional Intake'!G31 -> 0 | J32: =D32*'Nutritional Intake'!H31 -> 0 | K32: =D32*'Nutritional Intake'!I31 -> 0 | L32: =D32*'Nutritional Intake'!J31 -> 0
C33: Broilers Concentrate 5% | D33: 5 | E33: =D33*'Nutritional Intake'!C32 -> 13800 | F33: =D33*'Nutritional Intake'!D32 -> 105 | H33: =D33*'Nutritional Intake'!F32 -> 75 | I33: =D33*'Nutritional Intake'!G32 -> 30 | J33: =D33*'Nutritional Intake'!H32 -> 25 | K33: =D33*'Nutritional Intake'!I32 -> 27.5 | L33: =D33*'Nutritional Intake'!J32 -> 4950
C34: Layers Concentrate | E34: =D34*'Nutritional Intake'!C33 -> 0 | F34: =D34*'Nutritional Intake'!D33 -> 0 | H34: =D34*'Nutritional Intake'!F33 -> 0 | I34: =D34*'Nutritional Intake'!G33 -> 0 | J34: =D34*'Nutritional Intake'!H33 -> 0 | K34: =D34*'Nutritional Intake'!I33 -> 0 | L34: =D34*'Nutritional Intake'!J33 -> 0
C35: Calcium hydrogen phosphate | E35: =D35*'Nutritional Intake'!C34 -> 0 | F35: =D35*'Nutritional Intake'!D34 -> 0 | H35: =D35*'Nutritional Intake'!F34 -> 0 | I35: =D35*'Nutritional Intake'!G34 -> 0 | J35: =D35*'Nutritional Intake'!H34 -> 0 | K35: =D35*'Nutritional Intake'!I34 -> 0 | L35: =D35*'Nutritional Intake'!J34 -> 0
C36: Layer premix | E36: =D36*'Nutritional Intake'!C35 -> 0 | F36: =D36*'Nutritional Intake'!D35 -> 0 | H36: =D36*'Nutritional Intake'!F35 -> 0 | I36: =D36*'Nutritional Intake'!G35 -> 0 | J36: =D36*'Nutritional Intake'!H35 -> 0 | K36: =D36*'Nutritional Intake'!I35 -> 0 | L36: =D36*'Nutritional Intake'!J35 -> 0
C37: Premix piglet | E37: =D37*'Nutritional Intake'!C36 -> 0 | F37: =D37*'Nutritional Intake'!D36 -> 0 | H37: =D37*'Nutritional Intake'!F36 -> 0 | I37: =D37*'Nutritional Intake'!G36 -> 0 | J37: =D37*'Nutritional Intake'!H36 -> 0 | K37: =D37*'Nutritional Intake'!I36 -> 0 | L37: =D37*'Nutritional Intake'!J36 -> 0
C38: Vita C | E38: =D38*'Nutritional Intake'!C37 -> 0 | F38: =D38*'Nutritional Intake'!D37 -> 0 | H38: =D38*'Nutritional Intake'!F37 -> 0 | I38: =D38*'Nutritional Intake'!G37 -> 0 | J38: =D38*'Nutritional Intake'!H37 -> 0 | K38: =D38*'Nutritional Intake'!I37 -> 0 | L38: =D38*'Nutritional Intake'!J37 -> 0
C39: ENZYME | E39: =D39*'Nutritional Intake'!C38 -> 0 | F39: =D39*'Nutritional Intake'!D38 -> 0 | H39: =D39*'Nutritional Intake'!F38 -> 0 | I39: =D39*'Nutritional Intake'!G38 -> 0 | J39: =D39*'Nutritional Intake'!H38 -> 0 | K39: =D39*'Nutritional Intake'!I38 -> 0 | L39: =D39*'Nutritional Intake'!J38 -> 0
C40: Toxinbinder | E40: =D40*'Nutritional Intake'!C39 -> 0 | F40: =D40*'Nutritional Intake'!D39 -> 0 | H40: =D40*'Nutritional Intake'!F39 -> 0 | I40: =D40*'Nutritional Intake'!G39 -> 0 | J40: =D40*'Nutritional Intake'!H39 -> 0 | K40: =D40*'Nutritional Intake'!I39 -> 0 | L40: =D40*'Nutritional Intake'!J39 -> 0
C41: Egg booster | E41: =D41*'Nutritional Intake'!C40 -> 0 | F41: =D41*'Nutritional Intake'!D40 -> 0 | H41: =D41*'Nutritional Intake'!F40 -> 0 | I41: =D41*'Nutritional Intake'!G40 -> 0 | J41: =D41*'Nutritional Intake'!H40 -> 0 | K41: =D41*'Nutritional Intake'!I40 -> 0 | L41: =D41*'Nutritional Intake'!J40 -> 0
